QRCodeHandle,ModelID,Archetype,FriendlyName,NumberOfRadios,SupportsBLE,ConflictPriority
"9828","440400982843","hueplay","Hue Play",1,TRUE,0
"4726","PGM009","huetube","Hue gradient linear",1,TRUE,0
"6253","1742830P7","groundspot","Hue Lily outdoor spotlight",1,TRUE,0
"1184","442296118491","huefloodlightcamera","Secure floodlight camera",1,TRUE,0
"1185","442296118501","huefloodlightcamera","Secure floodlight camera",1,TRUE,0
"7614","LWW003","walllantern","Hue outdoor wall",1,TRUE,2
"7615","LWF003","bollard","Hue outdoor pedestal",1,TRUE,2
"7616","LWF004","bollard","Hue outdoor post",1,TRUE,2
"5612","1740193P0","walllantern","Hue outdoor wall",1,TRUE,0
"5613","1740293P0","bollard","Hue outdoor pedestal",1,TRUE,0
"5614","1740393P0","bollard","Hue outdoor post",1,TRUE,0
"5615","1740447P0","walllantern","Hue outdoor wall",1,TRUE,0
"5616","1740547P0","bollard","Hue outdoor pedestal",1,TRUE,0
"5617","1740647P0","bollard","Hue outdoor post",1,TRUE,0
"6294","LWW002","walllantern","Hue outdoor wall",1,TRUE,0
"6295","LWS001","wallspot","Hue outdoor security light",2,FALSE,0
"6296","LWW002","walllantern","Hue outdoor wall",1,TRUE,0
"6297","1741430P7","groundspot","Hue Lily outdoor spotlight",1,TRUE,0
"6298","1741530P7","groundspot","Hue Lily outdoor spotlight",1,TRUE,0
"6299","1741630V7","groundspot","Hue outdoor spot",1,TRUE,0
"6300","1741730V7","groundspot","Hue Lily outdoor spotlight",1,TRUE,0
"6301","1741830P7","groundspot","Hue Lily outdoor spotlight",1,TRUE,0
"6302","1741930V7","bollard","Hue Calla outdoor bollard",1,TRUE,0
"6303","1742030P7","bollard","Hue Calla outdoor pedestal",1,TRUE,0
"6304","1742130V7","bollard","Hue outdoor bollard",1,TRUE,0
"6305","1742230P7","bollard","Hue outdoor pedestal",1,TRUE,0
"6306","1742330P7","bollard","Hue outdoor pedestal",1,TRUE,0
"6674","1742730P7","groundspot","Hue Lily outdoor spotlight",1,TRUE,0
"6717","1742830P7","groundspot","Hue Lily outdoor spotlight",1,TRUE,0
"7306","1742930P7","walllantern","Hue Impress outdoor wall",1,TRUE,0
"7308","1743030P7","walllantern","Hue Impress outdoor wall",1,TRUE,0
"7310","1743130P7","bollard","Hue Impress outdoor pedestal",1,TRUE,0
"7311","1743230P7","bollard","Hue Impress outdoor post",1,TRUE,0
"7313","1743430P7","bollard","Hue Impress outdoor pedestal",1,TRUE,0
"7314","1743530P7","walllantern","Hue Discover outdoor wall",1,TRUE,0
"7315","1743530V7","walllantern","Hue Discover outdoor wall",1,TRUE,0
"7316","1743630P7","walllantern","Hue Welcome outdoor wall",1,TRUE,0
"7317","1743630V7","walllantern","Hue outdoor wall",1,TRUE,0
"7318","1743730P7","bollard","Hue Calla outdoor pedestal",1,TRUE,0
"7319","1743830P7","walllantern","Hue Econic outdoor wall",1,TRUE,0
"7320","1743830V7","walllantern","Hue Econic outdoor wall",1,TRUE,0
"7321","1743930P7","walllantern","Hue Econic outdoor wall",1,TRUE,0
"7322","1743930V7","walllantern","Hue Econic outdoor wall",1,TRUE,0
"7323","1744030P7","walllantern","Hue Econic outdoor wall",1,TRUE,0
"7324","1744030V7","walllantern","Hue Econic outdoor wall",1,TRUE,0
"7325","1744130P7","bollard","Hue Econic outdoor pedestal",1,TRUE,0
"7326","1745230V7","bollard","Hue outdoor pedestal",1,TRUE,0
"7327","1744230P7","bollard","Hue Econic outdoor post",1,TRUE,0
"7329","1744430P7","walllantern","Hue Fuzo outdoor wall",1,TRUE,0
"7330","1744530P7","walllantern","Hue Fuzo outdoor wall",1,TRUE,0
"7331","1744630P7","walllantern","Hue Fuzo outdoor wall",1,TRUE,0
"7332","1744730P7","bollard","Hue Fuzo outdoor pedestal",1,TRUE,0
"7333","1744830P7","bollard","Hue Fuzo outdoor post",1,TRUE,0
"9150057339","440400982843","hueplay","Hue Play",1,TRUE,0
"7392","3402931P7","wallshade","Hue ambiance wall",1,TRUE,0
"7393","3402831P7","wallshade","Hue ambiance wall",1,TRUE,0
"7542","LTD006","recessedceiling","Hue ambiance downlight",1,FALSE,0
"7544","LTD007","recessedceiling","Hue ambiance downlight",1,FALSE,0
"7545","LTD008","recessedceiling","Hue ambiance downlight",1,FALSE,0
"7563","1745030A7","bollard","Hue outdoor pedestal",1,TRUE,0
"7565","1744930A7","groundspot","Hue Lily outdoor spotlight",1,TRUE,0
"7580","1745130P7","bollard","Hue outdoor pedestal",1,TRUE,0
"7611","5063131P7","singlespot","Hue Fugato color spot",1,TRUE,0
"7612","5063130P7","singlespot","Hue Fugato color spot",1,TRUE,0
"7613","5063231P7","doublespot","Hue Fugato color spot",2,TRUE,0
"7614","5063230P7","doublespot","Hue Fugato color spot",2,TRUE,1
"7615","5063331P7","doublespot","Hue Fugato color spot",3,TRUE,1
"7616","5063330P7","doublespot","Hue Fugato color spot",3,TRUE,1
"7617","5063431P7","doublespot","Hue Fugato color spot",4,TRUE,0
"7618","5063430P7","doublespot","Hue Fugato color spot",4,TRUE,0
"7619","5062131P7","singlespot","Hue Argenta color spot",1,TRUE,0
"7620","5062231P7","doublespot","Hue Argenta color spot",2,TRUE,0
"7621","5062331P7","doublespot","Hue Argenta color spot",3,TRUE,0
"7622","5062431P7","doublespot","Hue Argenta color spot",4,TRUE,0
"7623","5062148P7","singlespot","Hue Argenta color spot",1,TRUE,0
"7624","5062248P7","doublespot","Hue Argenta color spot",2,TRUE,0
"7625","5062348P7","doublespot","Hue Argenta color spot",3,TRUE,0
"7626","5062448P7","doublespot","Hue Argenta color spot",4,TRUE,0
"7665","1745430P7","bollard","Hue outdoor pedestal",1,TRUE,0
"7666","5045148P7","recessedceiling","Hue Centura color spot",1,TRUE,0
"7667","5045131P7","recessedceiling","Hue Centura color spot",1,TRUE,0
"7668","5055148P7","recessedceiling","Hue Centura color spot",1,TRUE,0
"7669","5055131P7","recessedceiling","Hue Centura color spot",1,TRUE,0
"8219","915005821901","huego","Hue Go",1,TRUE,0
"8220","915005822001","huego","Hue Go",1,TRUE,0
"8221","7602031U7","huego","Hue Go",1,TRUE,0
"8222","915005822201","huego","Hue Go",1,TRUE,0
"8223","915005822301","huego","Hue Go",1,TRUE,0
"8224","7602031J6","huego","Hue Go",1,TRUE,0
"8225","915005822501","huego","Hue Go",1,TRUE,1
"8226","915005822601","huego","Hue Go",1,TRUE,0
"8233","LTD009","recessedceiling","Hue ambiance downlight",1,TRUE,1
"8234","LTD010","recessedceiling","Hue ambiance downlight",1,TRUE,1
"8245","LCD001","recessedceiling","Hue color downlight",1,TRUE,0
"8246","LCD002","recessedceiling","Hue color downlight",1,TRUE,0
"8416","1745530P7","bollard","Hue outdoor pedestal",1,TRUE,0
"8417","1745630P7","walllantern","Hue outdoor wall",1,TRUE,0
"8419","1745730V7","floorlantern","Hue Econic outdoor pedestal",1,TRUE,0
"8421","1745930P7","walllantern","Hue Impress outdoor wall",1,TRUE,0
"8424","1746130P7","walllantern","Hue Attract outdoor wall",1,TRUE,0
"8425","1746130V7","walllantern","Hue outdoor wall",1,TRUE,0
"8426","1746230P7","groundspot","Hue Lily XL outdoor spot",1,TRUE,0
"8427","1746230V7","groundspot","Hue Lily XL outdoor spot",1,TRUE,0
"8428","1746330P7","walllantern","Hue Appear outdoor wall",1,TRUE,0
"8429","1746430P7","walllantern","Hue Resonate outdoor wall",1,TRUE,0
"8430","1746447P7","walllantern","Hue Resonate outdoor wall",1,TRUE,0
"8431","1746330V7","walllantern","Hue Appear outdoor wall",1,TRUE,0
"8432","1746530P7","walllantern","Hue Daylo outdoor wall",1,TRUE,0
"8433","1746547P7","walllantern","Hue Daylo outdoor wall",1,TRUE,0
"8434","1746630P7","wallwasher","Hue Amarant wall washer",1,TRUE,0
"8435","1746630V7","wallwasher","Hue Amarant wall washer",1,TRUE,0
"8604","1745430A7","bollard","Hue outdoor pedestal",1,TRUE,0
"8691","4100148U9","ceilinground","Hue ambiance ceiling",1,TRUE,0
"8696","4100248U9","ceilinground","Hue Fair ceiling",1,TRUE,0
"8697","4100348U9","pendantround","Hue ambiance pendant",1,TRUE,0
"8700","4096730U9","ceilinground","Hue Cher ceiling",1,TRUE,0
"8703","4080148U9","tableshade","Hue Signe table",1,TRUE,0
"8704","4080248U9","floorshade","Hue Signe floor",1,TRUE,0
"8711","4090431U9","tableshade","Hue Flourish table",1,TRUE,0
"8713","4090631U9","pendantround","Hue Flourish pendant",1,TRUE,0
"8714","4100448U9","ceilinground","Hue Being ceiling",1,TRUE,0
"8715","4080148P9","tableshade","Hue color table",1,TRUE,0
"8716","4080248P9","floorshade","Hue color floor",1,TRUE,0
"8717","4090130P9","wallshade","Hue color wall",1,TRUE,0
"8718","4090131P9","wallshade","Hue color wall",1,TRUE,0
"8719","4090230P9","wallshade","Hue color wall",1,TRUE,0
"8720","4090231P9","wallshade","Hue color wall",1,TRUE,0
"8721","4090331P9","pendantlong","Hue color pendant",2,TRUE,0
"8722","4090431P9","tableshade","Hue color table",1,TRUE,0
"8723","4090531P9","ceilinground","Hue color ceiling",1,TRUE,0
"8724","4090631P9","pendantround","Hue color pendant round",1,TRUE,0
"8754","LTD011","recessedceiling","Hue ambiance downlight",1,TRUE,0
"9056","4080248G9","floorshade","Hue color floor",1,TRUE,0
"9123","4080130P6","tableshade","Hue Wellness Table",1,TRUE,0
"9124","4080130G6","tableshade","Hue Wellness Table",1,TRUE,0
"9125","4440156P6","tableshade","Hue Wellner Table",1,TRUE,0
"9127","4076131P6","pendantround","Hue Cher Pendant",1,TRUE,0
"9128","4076130P6","pendantround","Hue Cher Pendant",1,TRUE,0
"9129","4033931P6","pendantround","Hue Fair Pendant",1,TRUE,0
"9130","4033930P6","pendantround","Hue Fair Pendant",1,TRUE,0
"9131","4034031P6","ceilinground","Hue Fair Ceiling",1,TRUE,0
"9132","4034030P6","ceilinground","Hue Fair Ceiling",1,TRUE,0
"9133","4023331P6","pendantround","Hue Amaze Pendant",1,TRUE,0
"9134","4023330P6","pendantround","Hue Amaze Pendant",1,TRUE,0
"9135","3261031P6","ceilinground","Hue Being Ceiling",1,TRUE,0
"9136","3261030P6","ceilinground","Hue Being Ceiling",1,TRUE,0
"9137","3261048P6","ceilinground","Hue Being Ceiling",1,TRUE,0
"9138","3261331P6","ceilinground","Hue Still Ceiling",1,TRUE,0
"9139","3261348P6","ceilinground","Hue Still Ceiling",1,TRUE,0
"9140","3261330P6","ceilinground","Hue Still Ceiling",1,TRUE,0
"9141","4096730P6","ceilinground","Hue Cher Ceiling",1,TRUE,0
"9142","4096930P6","ceilinground","Hue Cher Ceiling",1,TRUE,0
"9143","4300631P6","pendantround","Hue Devote Pendant",1,TRUE,0
"9144","4300731P6","pendantround","Hue Devote Pendant",1,TRUE,0
"9145","915005914501","pendantround","Hue Being pendant",1,TRUE,0
"9146","915005914601","pendantround","Hue Being pendant",1,TRUE,0
"9147","915005914701","pendantround","Hue Being pendant",1,TRUE,0
"9151","5309231P6","doublespot","Hue Runner Spot",2,TRUE,0
"9152","5309230P6","doublespot","Hue Runner Spot",2,TRUE,0
"9153","5633230P6","doublespot","Hue Pillar Spot",2,TRUE,0
"9154","5633030P6","singlespot","Hue Pillar Spot",1,TRUE,0
"9155","5309031P6","singlespot","Hue Runner Spot",1,TRUE,0
"9156","5309030P6","singlespot","Hue Runner Spot",1,TRUE,0
"9157","5309331P6","doublespot","Hue Runner Spot",3,TRUE,0
"9158","5309330P6","doublespot","Hue Runner Spot",3,TRUE,0
"9159","5309031P9","singlespot","Hue Runner Spot",1,TRUE,0
"9160","5309030P9","singlespot","Hue Runner Spot",1,TRUE,0
"9161","5041148P6","recessedceiling","Hue Milliskin Spot",1,TRUE,0
"9162","5041131P6","recessedceiling","Hue Milliskin Spot",1,TRUE,0
"9163","5041148P9","recessedceiling","Hue Milliskin Spot",1,TRUE,0
"9164","5041131P9","recessedceiling","Hue Milliskin Spot",1,TRUE,0
"9165","5042148P6","recessedceiling","Hue Milliskin Spot",1,TRUE,0
"9166","5042131P6","recessedceiling","Hue Milliskin Spot",1,TRUE,0
"9167","5042148P9","recessedceiling","Hue Milliskin Spot",1,TRUE,0
"9168","5042131P9","recessedceiling","Hue Milliskin Spot",1,TRUE,0
"9169","5633231P6","doublespot","Hue Pillar Spot",2,TRUE,0
"9170","5633031P6","singlespot","Hue Pillar Spot",1,TRUE,0
"9171","5633031P9","singlespot","Hue Pillar Spot",1,TRUE,0
"9172","5633030P9","singlespot","Hue Pillar Spot",1,TRUE,0
"9173","5046131P6","singlespot","Hue Buratto Spot",1,TRUE,0
"9174","5046148P6","singlespot","Hue Buratto Spot",1,TRUE,0
"9175","5046131P9","singlespot","Hue Buratto Spot",1,TRUE,0
"9176","5046148P9","singlespot","Hue Buratto Spot",1,TRUE,0
"9177","5046231P6","doublespot","Hue Buratto Spot",2,TRUE,0
"9178","5046248P6","doublespot","Hue Buratto Spot",2,TRUE,0
"9179","5046331P6","doublespot","Hue Buratto Spot",3,TRUE,0
"9180","5046348P6","doublespot","Hue Buratto Spot",3,TRUE,0
"9181","5046431P6","doublespot","Hue Buratto Spot",4,TRUE,0
"9182","5046448P6","doublespot","Hue Buratto Spot",4,TRUE,0
"9183","5047231P6","doublespot","Hue Buckram Spot",2,TRUE,0
"9184","5047230P6","doublespot","Hue Buckram Spot",2,TRUE,0
"9185","3417511P9","recessedceiling","Hue Adore Spot",1,TRUE,0
"9186","5047331P6","doublespot","Hue Buckram Spot",3,TRUE,0
"9187","5047330P6","doublespot","Hue Buckram Spot",3,TRUE,0
"9188","5047431P6","doublespot","Hue Buckram Spot",4,TRUE,0
"9189","3417611P6","recessedceiling","Hue Adore Spot",3,TRUE,0
"9190","5047430P6","doublespot","Hue Buckram Spot",4,TRUE,0
"9191","5047131P9","singlespot","Hue Buckram Spot",1,TRUE,0
"9192","5047130P9","singlespot","Hue Buckram Spot",1,TRUE,0
"9193","3417711P6","wallshade","Hue Adore Wall",1,TRUE,0
"9194","5047131P6","singlespot","Hue Buckram Spot",1,TRUE,0
"9195","5047130P6","singlespot","Hue Buckram Spot",1,TRUE,0
"9196","3417831P6","singlespot","Hue Adore Spot",1,TRUE,0
"9197","3418031P6","doublespot","Hue Adore Spot",2,TRUE,0
"9198","3417931P6","doublespot","Hue Adore Spot",3,TRUE,0
"9199","3418131P6","doublespot","Hue Adore Spot",3,TRUE,0
"9200","3418231P6","wallshade","Hue Adore Wall",1,TRUE,0
"9201","3418331P6","wallshade","Hue Adore Wall",1,TRUE,0
"9202","3418411P6","ceilinground","Hue Adore Ceiling",1,TRUE,0
"9203","3418631P6","wallshade","Hue Adore Wall",1,TRUE,0
"9204","3418711U6","ceilinground","Hue Adore Ceiling",1,TRUE,0
"9205","3418831U6","wallshade","Hue Adore Wall",1,TRUE,0
"9206","3418931P6","ceilinground","Hue Struana Ceiling",1,TRUE,0
"9207","3216131P6","ceilingsquare","Hue Aurelle Panel",1,TRUE,0
"9208","3216231P6","ceilingsquare","Hue Aurelle Panel",1,TRUE,0
"9209","3216331P6","ceilingsquare","Hue Aurelle Panel",1,TRUE,0
"9210","3216431P6","ceilinground","Hue Aurelle Panel",1,TRUE,0
"9211","4505548C6","ceilingsquare","Hue Within Ceiling",1,TRUE,0
"9212","4505648C6","ceilingsquare","Hue Within Ceiling",1,TRUE,0
"9213","4505748C9","pendantlong","Hue Within Pendant",1,TRUE,0
"9214","4505848C9","tableshade","Hue Within Table",1,TRUE,0
"9217","4505948C9","floorshade","Hue Within Floor",1,TRUE,0
"9218","4507548C6","ceilinground","Hue Semeru Ceiling",1,TRUE,0
"9219","4507648C6","ceilinground","Hue Semeru Ceiling",1,TRUE,0
"9220","4507748C9","pendantround","Hue Semeru Pendant",1,TRUE,0
"9221","4507948C9","flexiblelamp","Hue Semeru Table",1,TRUE,0
"9222","4508048C9","floorshade","Hue Semeru Floor",1,TRUE,0
"9223","4507848C9","walllantern","Hue Semeru Wall",1,TRUE,0
"9224","4507848D9","walllantern","Hue Semeru Wall",1,TRUE,0
"9236","4503648C6","ceilinground","Hue Muscari Ceiling",1,TRUE,0
"9237","4503748C6","ceilinground","Hue Muscari Ceiling",1,TRUE,0
"9238","4503848C6","pendantround","Hue Muscari Pendant",1,TRUE,0
"9281","5061030P7","huecentris","Hue Centris ceiling",3,TRUE,0
"9282","5060930P7","huecentris","Hue Centris ceiling",4,TRUE,0
"9283","5061031P7","huecentris","Hue Centris spot",3,TRUE,0
"9284","5060931P7","huecentris","Hue Centris ceiling",4,TRUE,0
"9285","5060830P7","huecentris","Hue Centris spot",4,TRUE,0
"9286","5060831P7","huecentris","Hue Centris spot",4,TRUE,0
"9287","5060730P7","huecentris","Hue Centris ceiling",5,TRUE,0
"9288","5060731P7","huecentris","Hue Centris ceiling",5,TRUE,0
"9742","LTD012","recessedceiling","Hue ambiance downlight",1,TRUE,0
"9761","915005976101","pendantround","Hue Explore pendant",1,TRUE,0
"9763","1746347P7","walllantern","Hue Appear outdoor wall",1,TRUE,0
"9764","4090330P9","pendantlong","Hue color pendant",2,TRUE,0
"9869","915005986901","huesigne","Signe gradient table",1,TRUE,0
"9870","915005987001","huesigne","Signe gradient table",1,TRUE,0
"9871","915005987101","huesigne","Signe gradient floor",1,TRUE,0
"9872","915005987201","huesigne","Signe gradient floor",1,TRUE,0
"9873","915005987301","huesigne","Signe gradient table",1,TRUE,0
"9874","915005987401","huesigne","Signe gradient table",1,TRUE,0
"9875","915005987501","huesigne","Signe gradient floor",1,TRUE,0
"9876","915005987601","huesigne","Signe gradient floor",1,TRUE,0
"9877","915005987701","huesigne","Signe gradient floor",1,TRUE,0
"9878","915005987801","huesigne","Signe gradient floor",1,TRUE,0
"9879","915005987901","huetube","Play gradient tube",1,TRUE,0
"9880","915005988001","huetube","Play gradient tube",1,TRUE,0
"9881","915005988101","huetube","Play gradient tube",1,TRUE,0
"9882","915005988201","huetube","Play gradient tube",1,TRUE,0
"9883","915005988301","huetube","Play gradient tube",1,TRUE,0
"9884","915005988401","huetube","Play gradient tube",1,TRUE,0
"9885","915005988502","huetube","Play gradient tube",1,TRUE,0
"9886","915005988602","huetube","Play gradient tube",1,TRUE,0
"9964","915005996401","ceilinground","Hue Enrave ceiling",1,TRUE,0
"9965","915005996501","ceilinground","Hue Enrave ceiling",1,TRUE,0
"9966","915005996601","ceilinground","Hue Enrave ceiling",1,TRUE,0
"9967","915005996701","ceilinground","Hue Enrave ceiling",1,TRUE,0
"9968","915005996801","ceilinground","Hue Enrave ceiling",1,TRUE,0
"9969","915005996901","ceilinground","Hue Enrave ceiling",1,TRUE,0
"9970","915005997001","ceilinground","Hue Enrave ceiling",1,TRUE,0
"9971","915005997101","ceilinground","Hue Enrave ceiling",1,TRUE,2
"9972","915005997201","ceilinground","Hue Infuse ceiling",1,TRUE,0
"9973","915005997301","ceilinground","Hue Infuse ceiling",1,TRUE,0
"9974","915005997401","ceilinground","Hue Infuse ceiling",1,TRUE,0
"9975","915005997501","ceilinground","Hue Infuse ceiling",1,TRUE,0
"9976","915005997601","ceilinground","Hue Devere ceiling",1,TRUE,0
"9977","915005997701","ceilinground","Hue Devere ceiling",1,TRUE,0
"9978","915005997801","ceilinground","Hue Xamento ceiling",1,TRUE,0
"9979","915005997901","ceilinground","Hue Xamento ceiling",1,TRUE,0
"9980","915005998001","pendantround","Hue Enrave pendant",1,TRUE,0
"9981","915005998101","pendantround","Hue Enrave pendant",1,TRUE,0
"9982","915005998201","ceilinground","Hue Infuse ceiling",1,TRUE,0
"0011","1746730V7","groundspot","Hue Lily outdoor spotlight",1,TRUE,0
"0021","1745930V7","walllantern","Hue Impress outdoor wall",1,TRUE,0
"2912","LWM005","recessedceiling","Modular dim module",1,TRUE,0
"1369","LWA024","sultanbulb","Hue white lamp",1,TRUE,0
"1370","LWA024","sultanbulb","Hue white lamp",1,TRUE,0
"2573","LCA001","sultanbulb","Hue color lamp",1,TRUE,0
"2596","LTB002","floodbulb","Hue ambiance downlight",1,TRUE,0
"3012","LCB001","floodbulb","Hue color downlight",1,TRUE,0
"8189","LWA024","sultanbulb","Hue white lamp",1,TRUE,0
"8194","LWB022","floodbulb","Hue white downlight",1,TRUE,0
"8215","LWA002","sultanbulb","Hue white lamp",1,TRUE,0
"8216","LWA024","sultanbulb","Hue white lamp",1,TRUE,0
"8217","LWA024","sultanbulb","Hue white lamp",1,TRUE,0
"8609","LWA024","sultanbulb","Hue white lamp",1,FALSE,0
"9531","LCG002","spotbulb","Hue color spot",1,TRUE,0
"9532","LCG001","spotbulb","Hue color spot",1,TRUE,0
"9533","LTG002","spotbulb","Hue ambiance spot",1,TRUE,0
"9534","LTG001","spotbulb","Hue ambiance spot",1,TRUE,0
"9535","LWG004","spotbulb","Hue white spot",1,TRUE,0
"9536","LWG003","spotbulb","Hue white spot",1,TRUE,0
"9683","UNK000","sultanbulb","Hue color lamp",1,TRUE,0
"9684","UNK000","sultanbulb","Hue white lamp",1,TRUE,0
"0398","LWE001","candlebulb","Hue white candle",1,TRUE,0
"0399","LWE002","candlebulb","Hue white candle",1,TRUE,0
"0400","LWE003","candlebulb","Hue white candle",1,TRUE,0
"2166","LCT016","sultanbulb","Hue color lamp",1,FALSE,0
"2167","LTA002","sultanbulb","Hue ambiance lamp",1,TRUE,0
"2168","LCA001","sultanbulb","Hue color lamp",1,TRUE,0
"2169","LTA001","sultanbulb","Hue ambiance lamp",1,TRUE,0
"2170","LCA006","sultanbulb","Hue color lamp",1,TRUE,0
"2171","LTA004","sultanbulb","Hue ambiance lamp",1,TRUE,0
"2175","LCA006","sultanbulb","Hue color lamp",1,TRUE,0
"2176","LTA004","sultanbulb","Hue ambiance lamp",1,TRUE,0
"2230","RDM003","button","Hue smart button",1,FALSE,0
"2266","LCA003","sultanbulb","Hue color Lamp",1,TRUE,0
"2267","LTA003","sultanbulb","Hue ambiance Lamp",1,TRUE,0
"2268","LWA003","sultanbulb","Hue white Lamp",1,TRUE,0
"2404","LOM001","plug","Hue smart plug",1,TRUE,0
"2405","LOM003","plug","Hue smart plug",1,TRUE,0
"2406","LOM010","plug","Hue smart plug",1,TRUE,0
"2407","LOM002","plug","Hue smart plug",1,TRUE,0
"2408","LOM005","plug","Hue smart plug",1,TRUE,0
"2409","LWA004","vintagebulb","Hue filament bulb",1,TRUE,0
"2410","LWA024","sultanbulb","Hue white lamp",1,TRUE,0
"2411","LWA005","vintagebulb","Hue filament bulb",1,TRUE,0
"2412","LWV001","vintagebulb","Hue filament bulb",1,TRUE,0
"2413","LWV002","vintagebulb","Hue filament bulb",1,TRUE,0
"2414","LWO001","vintagebulb","Hue filament bulb",1,TRUE,0
"2415","LWO002","vintagebulb","Hue filament bulb",1,TRUE,0
"2574","LCA001","sultanbulb","Hue color lamp",1,TRUE,0
"2575","LTA001","sultanbulb","Hue ambiance lamp",1,TRUE,0
"2576","LTA001","sultanbulb","Hue ambiance lamp",1,TRUE,0
"2615","LCA001","sultanbulb","Hue color lamp",1,TRUE,0
"2616","LCA002","sultanbulb","Hue color lamp",1,TRUE,0
"2691","LCL001","huelightstrip","Hue lightstrip plus",1,TRUE,0
"2698","LCA006","sultanbulb","Hue color lamp",1,TRUE,0
"2699","LCA001","sultanbulb","Hue color lamp",1,TRUE,0
"2775","LWA007","sultanbulb","Hue white lamp",1,TRUE,0
"2890","LCL002","huelightstrip","Hue lightstrip outdoor",1,TRUE,0
"2891","LCL003","huelightstrip","Hue lightstrip outdoor",1,TRUE,0
"2941","LCE001","candlebulb","Hue color candle",1,TRUE,0
"2942","LCE002","candlebulb","Hue color candle",1,TRUE,0
"2943","LTE001","candlebulb","Hue ambiance candle",1,TRUE,0
"2944","LTE002","candlebulb","Hue ambiance candle",1,TRUE,0
"2975","LTE003","candlebulb","Hue ambiance candle",1,TRUE,0
"3129","LCA002","sultanbulb","Hue color lamp",1,TRUE,0
"3130","LCA002","sultanbulb","Hue color lamp",1,TRUE,0
"3131","LTA002","sultanbulb","Hue ambiance lamp",1,TRUE,0
"3133","LWA024","sultanbulb","Hue white lamp",1,TRUE,0
"3165","LWA015","sultanbulb","Hue white lamp",1,TRUE,0
"3349","LWA009","sultanbulb","Hue white lamp",1,TRUE,0
"3350","LWA010","sultanbulb","Hue white lamp",1,TRUE,0
"3351","LWA008","sultanbulb","Hue white lamp",1,TRUE,0
"3495","LWA011","sultanbulb","Hue white lamp",1,TRUE,0
"3496","LWA012","sultanbulb","Hue white lamp",1,TRUE,0
"3759","929002375901","huebloom","Hue Bloom",1,TRUE,0
"3760","929002376001","huebloom","Hue Bloom",1,TRUE,0
"3761","929002376101","hueiris","Hue Iris",1,TRUE,0
"3762","929002376201","hueiris","Hue Iris",1,TRUE,0
"3763","929002376301","hueiris","Hue Iris",1,TRUE,0
"3764","929002376402","hueiris","Hue Iris",1,TRUE,0
"3765","929002376501","huebloom","Hue Bloom",1,TRUE,0
"3767","929002376703","hueiris","Hue Iris",1,TRUE,0
"3768","929002376803","hueiris","Hue Iris",1,TRUE,0
"3769","929002376901","hueiris","Hue Iris",1,TRUE,0
"3986","RWL022","switch","Hue dimmer switch",1,FALSE,0
"4010","929002401001","hueiris","Hue Iris",1,TRUE,0
"4011","929002401101","hueiris","Hue Iris",1,TRUE,0
"4012","929002401201","hueiris","Hue Iris",1,TRUE,0
"4227","LCX001","huelightstriptv","Hue play gradient lightstrip",1,TRUE,0
"4228","LCX002","huelightstriptv","Hue play gradient lightstrip",1,TRUE,0
"4229","LCX003","huelightstriptv","Hue play gradient lightstrip",1,TRUE,0
"4405","LWS002","spotbulb","Hue white spot",1,TRUE,0
"4406","LWU001","lusterbulb","Hue white luster",1,TRUE,0
"4426","LOM006","plug","Hue smart plug",1,TRUE,0
"4590","LWO003","vintagebulb","Hue filament bulb",1,TRUE,0
"4592","LWV003","vintagebulb","Hue filament bulb",1,TRUE,0
"4640","LWO004","vintagebulb","Hue filament bulb",1,TRUE,0
"4641","LWV004","vintagebulb","Hue filament bulb",1,TRUE,0
"4683","LTA010","sultanbulb","Hue ambiance lamp",1,TRUE,0
"4684","LTA009","sultanbulb","Hue ambiance lamp",1,TRUE,0
"4685","LTA004","sultanbulb","Hue ambiance lamp",1,TRUE,0
"4687","LCA007","sultanbulb","Hue color lamp",1,TRUE,0
"4688","LCA006","sultanbulb","Hue color lamp",1,TRUE,0
"4689","LCA006","sultanbulb","Hue color lamp",1,TRUE,0
"4691","LWA029","sultanbulb","Hue white lamp",1,TRUE,0
"4692","LWA028","sultanbulb","Hue white lamp",1,TRUE,0
"4693","LWA018","sultanbulb","Hue white lamp",1,TRUE,0
"4695","UNK000","sultanbulb","Hue color lamp",1,TRUE,0
"4696","UNK000","sultanbulb","Hue color lamp",1,TRUE,0
"4715","LCA006","sultanbulb","Hue color lamp",1,TRUE,0
"4716","LCA008","sultanbulb","Hue color lamp",1,TRUE,0
"4717","LCA009","sultanbulb","Hue color lamp",1,TRUE,0
"4718","LTA004","sultanbulb","Hue ambiance lamp",1,TRUE,0
"4719","LTA011","sultanbulb","Hue ambiance lamp",1,TRUE,0
"4720","LTA012","sultanbulb","Hue ambiance lamp",1,TRUE,0
"4775","LTA005","vintagebulb","Hue filament bulb",1,TRUE,0
"4776","LTA006","vintagebulb","Hue filament bulb",1,TRUE,0
"4777","LTV001","vintagebulb","Hue filament bulb",1,TRUE,0
"4778","LTO001","vintagebulb","Hue filament bulb",1,TRUE,0
"4779","LTV002","vintagebulb","Hue filament bulb",1,TRUE,0
"4780","LTV003","vintagebulb","Hue filament bulb",1,TRUE,0
"4781","LTO002","vintagebulb","Hue filament bulb",1,TRUE,0
"4782","LTO003","vintagebulb","Hue filament bulb",1,TRUE,0
"4783","LTA007","vintagebulb","Hue filament bulb",1,TRUE,0
"4784","LTV004","vintagebulb","Hue filament bulb",1,TRUE,0
"4785","LTO004","vintagebulb","Hue filament bulb",1,TRUE,0
"4795","LWE004","vintagebulb","Hue filament bulb",1,TRUE,0
"4796","LWE005","vintagebulb","Hue filament bulb",1,TRUE,2
"4896","LCA004","sultanbulb","Hue color lamp",1,TRUE,0
"4897","LCA006","sultanbulb","Hue color lamp",1,TRUE,0
"4898","LTA004","sultanbulb","Hue ambiance lamp",1,TRUE,0
"4899","LTA004","sultanbulb","Hue ambiance lamp",1,TRUE,0
"9290029664","929002966402","ceilingsquare","Hue Surimu panel",1,TRUE,0
"9290029665","929002966502","ceilingsquare","Hue Surimu panel",1,TRUE,0
"9808","LTV005","vintagebulb","Hue filament bulb",1,TRUE,0
"9809","LTO005","vintagebulb","Hue filament bulb",1,TRUE,0
"9949","LCX004","huelightstrip","Hue gradient lightstrip",1,TRUE,0
"9951","LCX010","huelightstrip","Hue gradient lightstrip",1,TRUE,0
"9952","LCX008","huelightstrip","Hue gradient lightstrip",1,TRUE,0
"9953","LCX009","huelightstrip","Hue gradient lightstrip",1,TRUE,0
"0168","LCD003","recessedceiling","Hue color downlight",1,TRUE,0
"0171","RDM001","switchmodule","Hue wall switch module",1,FALSE,0
"9290030211","LWE009","candlebulb","Hue white candle",1,TRUE,0
"0212","LWE006","candlebulb","Hue white candle",1,TRUE,0
"9290030213","LWE010","candlebulb","Hue white candle",1,TRUE,0
"0251","LCA006","sultanbulb","Hue color lamp",1,TRUE,0
"0450","929003045001","recessedceiling","Hue Milliskin spot",3,TRUE,0
"0451","929003045101","recessedceiling","Hue Milliskin spot",3,TRUE,0
"0452","929003045201","recessedceiling","Hue Centura spot",3,TRUE,0
"0453","929003045301","recessedceiling","Hue Centura spot",3,TRUE,0
"0454","929003045401","recessedceiling","Hue Centura spot",1,TRUE,0
"0455","929003045501","recessedceiling","Hue Centura spot",3,TRUE,0
"0456","929003045601","doublespot","Hue Runner spot",2,TRUE,0
"0457","929003045701","doublespot","Hue Runner spot",2,TRUE,0
"0458","929003045801","singlespot","Hue Runner spot",1,TRUE,0
"0459","929003045901","singlespot","Hue Runner spot",1,TRUE,0
"0460","929003046001","singlespot","Hue Runner spot",1,TRUE,0
"0461","929003046101","singlespot","Hue Runner spot",1,TRUE,0
"0462","929003046201","doublespot","Hue Runner spot",3,TRUE,0
"0463","929003046301","doublespot","Hue Runner spot",3,TRUE,0
"0464","929003046401","doublespot","Hue Pillar spot",2,TRUE,0
"0465","929003046501","singlespot","Hue Pillar spot",1,TRUE,0
"0466","929003046601","doublespot","Hue Pillar spot",2,TRUE,0
"0467","929003046701","singlespot","Hue Pillar spot",1,TRUE,0
"0468","929003046801","singlespot","Hue Pillar spot",1,TRUE,0
"0469","929003046901","singlespot","Hue Pillar spot",1,TRUE,0
"0470","929003047001","recessedceiling","Hue Milliskin spot",1,TRUE,0
"0471","929003047101","recessedceiling","Hue Milliskin spot",1,TRUE,0
"0472","929003047201","recessedceiling","Hue Milliskin spot",1,TRUE,0
"0473","929003047301","recessedceiling","Hue Milliskin spot",1,TRUE,0
"0474","929003047401","recessedceiling","Hue Centura spot",1,TRUE,0
"0475","929003047501","recessedceiling","Hue Centura spot",1,TRUE,0
"0476","929003047601","recessedceiling","Hue Centura spot",1,TRUE,0
"0477","929003047701","recessedceiling","Hue Centura spot",1,TRUE,0
"0478","929003047801","doublespot","Hue Buckram spot",2,TRUE,0
"0479","929003047901","doublespot","Hue Buckram spot",2,TRUE,0
"0480","929003048001","doublespot","Hue Buckram spot",3,TRUE,0
"0481","929003048101","doublespot","Hue Buckram spot",3,TRUE,0
"0482","929003048201","doublespot","Hue Buckram spot",4,TRUE,0
"0483","929003048301","doublespot","Hue Buckram spot",4,TRUE,0
"0484","929003048401","singlespot","Hue Buckram spot",1,TRUE,0
"0485","929003048501","singlespot","Hue Buckram spot",1,TRUE,0
"0486","929003048601","singlespot","Hue Buckram spot",1,TRUE,0
"0487","929003048701","singlespot","Hue Buckram spot",1,TRUE,0
"0506","LOM007","plug","Hue smart plug",1,TRUE,0
"0507","LOM009","plug","Hue smart plug",1,TRUE,0
"0509","LOM008","plug","Hue smart plug",1,TRUE,0
"0510","LOM011","plug","Hue smart plug",1,TRUE,0
"0514","LWA021","vintagebulb","Hue filament bulb",1,TRUE,0
"0515","LWA022","vintagebulb","Hue filament bulb",1,TRUE,0
"0516","LWA023","vintagebulb","Hue filament bulb",1,TRUE,0
"0517","LWV005","vintagebulb","Hue filament bulb",1,TRUE,0
"0518","LWV006","vintagebulb","Hue filament bulb",1,TRUE,0
"0519","LWO005","vintagebulb","Hue filament bulb",1,TRUE,0
"0520","LWO006","vintagebulb","Hue filament bulb",1,TRUE,0
"0521","LWO007","vintagebulb","Hue filament bulb",1,TRUE,0
"0522","LWO008","vintagebulb","Hue filament bulb",1,TRUE,0
"0523","LWV007","vintagebulb","Hue filament bulb",1,TRUE,0
"0524","LWV008","vintagebulb","Hue filament bulb",1,TRUE,0
"0525","929003052501","pendantlong","Hue Ensis",2,TRUE,0
"0526","929003052601","tableshade","Hue Flourish table",1,TRUE,0
"0527","929003052701","ceilinground","Hue Flourish ceiling",1,TRUE,0
"0528","929003052801","pendantround","Hue Flourish pendant",1,TRUE,0
"0529","929003052901","wallshade","Hue Sana wall",1,TRUE,0
"0530","929003053001","wallshade","Hue Sana wall",1,TRUE,0
"0531","929003053101","wallshade","Hue Liane wall",1,TRUE,0
"0532","929003053201","wallshade","Hue Liane wall",1,TRUE,0
"0533","929003053301","pendantlong","Hue Ensis",2,TRUE,0
"0534","929003053401","tableshade","Hue Flourish table",1,TRUE,0
"0535","929003053501","ceilinground","Hue Flourish ceiling",1,TRUE,0
"0536","929003053601","pendantround","Hue Flourish pendant",1,TRUE,0
"0537","929003053701","ceilinground","Hue Fair ceiling",1,TRUE,0
"0538","929003053801","ceilinground","Hue Cher ceiling",1,TRUE,0
"0539","929003053901","ceilinground","Hue Being ceiling",1,TRUE,0
"0540","929003054001","tableshade","Hue Wellness table",1,TRUE,0
"0541","929003054101","tableshade","Hue Wellner table",1,TRUE,0
"0542","929003054201","pendantround","Hue Cher pendant",1,TRUE,0
"0543","929003054301","pendantround","Hue Cher pendant",1,TRUE,0
"0544","929003054401","pendantround","Hue Fair pendant",1,TRUE,0
"0545","929003054501","pendantround","Hue Fair pendant",1,TRUE,0
"0546","929003054601","ceilinground","Hue Fair ceiling",1,TRUE,0
"0547","929003054701","ceilinground","Hue Fair ceiling",1,TRUE,0
"0548","929003054801","pendantround","Hue Amaze pendant",1,TRUE,0
"0549","929003054901","pendantround","Hue Amaze pendant",1,TRUE,0
"0550","929003055001","ceilinground","Hue Being ceiling",1,TRUE,0
"0551","929003055101","ceilinground","Hue Being ceiling",1,TRUE,0
"0552","929003055201","ceilinground","Hue Being ceiling",1,TRUE,0
"0553","929003055301","ceilinground","Hue Still ceiling",1,TRUE,0
"0554","929003055401","ceilinground","Hue Still ceiling",1,TRUE,0
"0555","929003055501","ceilinground","Hue Still ceiling",1,TRUE,0
"0556","929003055601","ceilinground","Hue Cher ceiling",1,TRUE,0
"0557","929003055701","pendantround","Hue Devote pendant",1,TRUE,0
"0558","929003055801","recessedceiling","Hue Adore spot",1,TRUE,0
"0559","929003055901","recessedceiling","Hue Adore spot",3,TRUE,0
"0560","929003056001","wallshade","Hue Adore wall",1,TRUE,0
"0561","929003056101","singlespot","Hue Adore spot",1,TRUE,0
"0562","929003056201","doublespot","Hue Adore spot",2,TRUE,0
"0563","929003056301","doublespot","Hue Adore spot",3,TRUE,0
"0564","929003056401","doublespot","Hue Adore spot",3,TRUE,0
"0565","929003056501","wallshade","Hue Adore wall",1,TRUE,0
"0566","929003056601","wallshade","Hue Adore wall",1,TRUE,0
"0567","929003056701","ceilinground","Hue Adore ceiling",1,TRUE,0
"0568","929003056801","wallshade","Hue Adore wall",1,TRUE,0
"0569","929003056901","ceilinground","Hue Struana ceiling",1,TRUE,0
"0674","SML004","sensor","Hue outdoor motion sensor",1,FALSE,0
"0675","SML003","sensor","Hue motion sensor",1,FALSE,0
"0747","929003074701","recessedceiling","Hue Xamento spot",1,TRUE,0
"0748","929003074801","recessedceiling","Hue Xamento spot",3,TRUE,0
"0893","929003089301","walllantern","Hue outdoor wall",1,TRUE,0
"0894","LCA006","sultanbulb","Hue color lamp",1,TRUE,0
"0895","LTA004","sultanbulb","Hue ambiance lamp",1,TRUE,0
"0948","LCD004","recessedceiling","Hue color downlight",1,TRUE,0
"0986","929003098601","bollard","Hue Calla outdoor pedestal",1,TRUE,0
"0987","929003098701","walllantern","Hue Resonate outdoor wall",1,TRUE,0
"0988","929003098801","walllantern","Hue outdoor wall",1,TRUE,0
"0989","929003098901","walllantern","Hue outdoor wall",1,TRUE,0
"9290030990","929003099002","ceilingsquare","Hue Aurelle Panel",1,TRUE,0
"9290030991","929003099102","ceilingsquare","Hue Aurelle Panel",1,TRUE,0
"9290030992","929003099202","ceilingsquare","Hue Aurelle Panel",1,TRUE,0
"9290030993","929003099302","ceilinground","Hue Aurelle Panel",1,TRUE,0
"0999","LCA006","sultanbulb","Hue color lamp",1,TRUE,0
"1000","LCA006","sultanbulb","Hue color lamp",1,TRUE,0
"1001","LCA006","sultanbulb","Hue color lamp",1,TRUE,0
"1002","LCA006","sultanbulb","Hue color lamp",1,TRUE,0
"1003","LCA006","sultanbulb","Hue color lamp",1,TRUE,0
"1004","LCA006","sultanbulb","Hue color lamp",1,TRUE,0
"1005","LTA004","sultanbulb","Hue ambiance lamp",1,TRUE,0
"1006","LTA004","sultanbulb","Hue ambiance lamp",1,TRUE,0
"1036","929003103601","huesigne","Signe gradient floor",1,TRUE,0
"1038","929003103801","huetube","Play gradient tube",1,TRUE,0
"1157","929003115701","singlespot","Perifo cylinder spot",1,TRUE,0
"1158","929003115801","singlespot","Perifo cylinder spot",1,TRUE,0
"1159","929003115901","pendantspot","Perifo cylinder pendant",1,TRUE,0
"1160","929003116001","pendantspot","Perifo cylinder pendant",1,TRUE,0
"1161","929003116101","ceilinghorizontal","Perifo linear light bar",1,TRUE,0
"1162","929003116201","ceilinghorizontal","Perifo linear light bar",1,TRUE,0
"1163","929003116301","ceilingtube","Perifo gradient tube",1,TRUE,0
"1164","929003116401","ceilingtube","Perifo gradient tube",1,TRUE,0
"1165","929003116501","ceilingtube","Perifo gradient tube",1,TRUE,0
"1166","929003116601","ceilingtube","Perifo gradient tube",1,TRUE,0
"1236","LTD013","recessedceiling","Hue ambiance downlight",1,TRUE,0
"1237","LTD014","recessedceiling","Hue ambiance downlight",1,TRUE,0
"1238","LTD015","recessedceiling","Hue ambiance downlight",1,TRUE,0
"1284","929003128401","tableshade","Go table lamp",1,TRUE,0
"1285","929003128501","tableshade","Go table lamp",1,TRUE,0
"1286","929003128601","tableshade","Go table lamp",1,TRUE,0
"1287","929003128701","tableshade","Go table lamp",1,TRUE,0
"1288","929003128801","tableshade","Go table lamp",1,TRUE,0
"1289","929003128901","tableshade","Go table lamp",1,TRUE,0
"1290","929003129001","tableshade","Go table lamp",1,TRUE,0
"1345","LCD005","recessedceiling","Hue color downlight",1,TRUE,0
"1346","LCD006","recessedceiling","Hue color downlight",1,TRUE,0
"1347","LTD016","recessedceiling","Hue ambiance downlight",1,TRUE,0
"1348","LTD017","recessedceiling","Hue ambiance downlight",1,TRUE,0
"1451","LTE004","vintagecandlebulb","Hue filament bulb",1,TRUE,0
"1452","LTE005","vintagecandlebulb","Hue filament bulb",1,TRUE,0
"1469","LCA006","sultanbulb","Hue color lamp",1,TRUE,0
"1508","LCS002","floodbulb","Hue color lamp",1,TRUE,0
"1509","LWB015","floodbulb","Hue white lamp",1,FALSE,0
"1510","LTA004","sultanbulb","Hue ambiance lamp",1,TRUE,0
"1511","LCO001","smallglobebulb","Hue lightguide bulb",1,TRUE,0
"1512","LCO005","largeglobebulb","Hue lightguide bulb",1,TRUE,0
"1513","LCZ001","ellipsebulb","Hue lightguide bulb",1,TRUE,0
"1514","LCY001","trianglebulb","Hue lightguide bulb",1,TRUE,0
"1515","LCV001","edisonbulb","Hue lightguide bulb",1,TRUE,0
"1516","LCO003","smallglobebulb","Hue lightguide bulb",1,TRUE,0
"1517","LCO006","largeglobebulb","Hue lightguide bulb",1,TRUE,0
"1518","LCZ002","ellipsebulb","Hue lightguide bulb",1,TRUE,0
"1519","LCY002","trianglebulb","Hue lightguide bulb",1,TRUE,0
"1520","LCV002","edisonbulb","Hue lightguide bulb",1,TRUE,0
"4792","LCD007","recessedceiling","Hue color downlight",1,TRUE,0
"4793","LCB002","floodbulb","Hue color downlight",1,TRUE,0
"4794","LTB003","floodbulb","Hue ambiance downlight",1,TRUE,0
"4796","929003479601","huesigne","Signe gradient table",1,TRUE,1
"4797","929003479701","huesigne","Signe gradient floor",1,TRUE,0
"4798","929003479801","huesigne","Signe gradient table",1,TRUE,0
"4799","929003479901","huesigne","Signe gradient floor",1,TRUE,0
"4985","LCX005","huelightstrippc","Hue play gradient lightstrip",1,TRUE,0
"4986","LCX006","huelightstrippc","Hue play gradient lightstrip",1,TRUE,0
"4987","LCX007","huelightstrippc","Hue play gradient lightstrip",1,TRUE,0
"5001","RDM002","tapdialswitch","Hue tap dial switch",1,FALSE,0
"5002","RDM002","tapdialswitch","Hue tap dial switch",1,FALSE,0
"5003","RDM002","tapdialswitch","Hue tap dial switch",1,FALSE,0
"5004","RDM002","tapdialswitch","Hue tap dial switch",1,FALSE,0
"5161","929003516101","huesigne","Signe gradient floor",1,TRUE,0
"5164","LWA024","sultanbulb","Hue white lamp",1,TRUE,0
"5214","929003521401","tableshade","Go table lamp",1,TRUE,0
"5215","929003521501","tableshade","Go table lamp",1,TRUE,0
"5216","929003521601","tableshade","Go table lamp",1,TRUE,0
"5217","929003521701","tableshade","Go table lamp",1,TRUE,0
"5261","929003526101","recessedceiling","Hue Xamento spot",1,TRUE,0
"5262","929003526202","recessedceiling","Hue Xamento spot",3,TRUE,0
"5263","929003526301","ceilinground","Hue Xamento ceiling",1,TRUE,0
"5287","929003528702","wallshade","Hue Sana wall",1,TRUE,0
"5315","929003531502","ceilinground","Hue Enrave ceiling",1,TRUE,0
"5316","929003531602","ceilinground","Hue Enrave ceiling",1,TRUE,0
"5317","929003531702","ceilinground","Hue Infuse ceiling",1,TRUE,0
"5318","929003531801","ceilinground","Hue Enrave ceiling",1,TRUE,0
"5319","929003531901","ceilinground","Hue Infuse ceiling",1,TRUE,0
"5320","929003532001","ceilinground","Hue Enrave ceiling",1,TRUE,0
"5353","LCX011","stringlight","Festavia string lights",1,TRUE,0
"5355","LCX012","stringlight","Festavia string lights",1,TRUE,0
"5360","929003536001","hueiris","Hue Iris",1,TRUE,0
"5382","LCA006","sultanbulb","Hue color lamp",1,TRUE,0
"5383","LTA004","sultanbulb","Hue ambiance lamp",1,TRUE,0
"5384","LCA006","sultanbulb","Hue color lamp",1,TRUE,0
"5385","LTA004","sultanbulb","Hue ambiance lamp",1,TRUE,0
"5386","LCA006","sultanbulb","Hue color lamp",1,TRUE,0
"5387","LCA006","sultanbulb","Hue color lamp",1,TRUE,0
"5388","LCA006","sultanbulb","Hue color lamp",1,TRUE,0
"5424","929003542401","ceilinground","Hue Infuse ceiling",1,TRUE,0
"5530","929003553001","walllantern","Hue Resonate outdoor wall",1,TRUE,0
"5551","929003555101","huesigne","Signe gradient floor",1,TRUE,0
"5552","929003555201","huesigne","Signe gradient floor",1,TRUE,0
"5553","929003555301","huesigne","Signe gradient table",1,TRUE,0
"5554","929003555401","huetube","Play gradient tube",1,TRUE,0
"5555","929003555501","huesigne","Signe gradient floor",1,TRUE,0
"5556","929003555601","huesigne","Signe gradient table",1,TRUE,0
"5557","929003555701","huetube","Play gradient tube",1,TRUE,0
"5638","SOC001","contactsensor","Hue secure contact sensor",1,FALSE,0
"5639","SOC001","contactsensor","Hue secure contact sensor",1,FALSE,0
"5736","LCU001","lusterbulb","Hue color luster",1,TRUE,0
"5737","LTU001","lusterbulb","Hue ambiance luster",1,TRUE,0
"5743","929003574301","ceilinground","Hue Enrave ceiling",1,TRUE,0
"5744","929003574401","ceilinground","Hue Enrave ceiling",1,TRUE,0
"5752","LTG003","spotbulb","Hue ambiance spot",1,TRUE,0
"5753","LCG003","spotbulb","Hue color spot",1,TRUE,0
"5755","LCG005","spotbulb","Hue color spot",1,TRUE,0
"5756","LTG004","spotbulb","Hue ambiance spot",1,TRUE,0
"5757","LCG004","spotbulb","Hue color spot",1,TRUE,0
"5842","LTD021","recessedceiling","Hue ambiance downlight",1,TRUE,0
"5843","LTD022","recessedceiling","Hue ambiance downlight",1,TRUE,0
"5930","RDM002","tapdialswitch","Hue tap dial switch",1,FALSE,0
"5931","RDM002","tapdialswitch","Hue tap dial switch",1,FALSE,0
"5959","LCE003","candlebulb","Hue color candle",1,TRUE,0
"5960","LTA013","vintagebulb","Hue filament bulb",1,TRUE,0
"5961","LTV006","vintagebulb","Hue filament bulb",1,TRUE,0
"9290035976","929003597602","ceilingsquare","Hue Aurelle Panel",1,TRUE,0
"9290035977","929003597702","ceilingsquare","Hue Aurelle Panel",1,TRUE,0
"9290035978","929003597802","ceilingsquare","Hue Aurelle Panel",1,TRUE,0
"9290035979","929003597902","ceilinground","Hue Aurelle Panel",1,TRUE,0
"9290035980","929003598002","ceilingsquare","Hue Surimu panel",1,TRUE,0
"9290035981","929003598102","ceilinground","Hue Surimu panel",1,TRUE,0
"6179","929003617901","singlespot","Perifo cylinder spot",1,TRUE,0
"6180","929003618001","pendantspot","Perifo cylinder pendant",1,TRUE,0
"6181","929003618101","ceilingtube","Perifo gradient tube",1,TRUE,0
"6182","929003618201","ceilinghorizontal","Perifo linear light bar",1,TRUE,0
"6210","929003621001","huecentris","Hue Centris spot",3,TRUE,0
"6211","929003621101","huecentris","Hue Centris ceiling",5,TRUE,0
"6212","929003621201","huecentris","Hue Centris spot",3,TRUE,0
"6213","929003621301","huecentris","Hue Centris ceiling",5,TRUE,0
"6445","929003644501","singlespot","Perifo cylinder spot",1,TRUE,0
"6446","929003644601","singlespot","Perifo cylinder spot",1,TRUE,0
"6447","929003644701","pendantspot","Perifo cylinder pendant",1,TRUE,0
"6448","929003644801","pendantspot","Perifo cylinder pendant",1,TRUE,0
"6449","929003644901","ceilinghorizontal","Perifo linear light bar",1,TRUE,0
"6450","929003645001","ceilinghorizontal","Perifo linear light bar",1,TRUE,0
"6451","929003645101","ceilingtube","Perifo gradient tube",1,TRUE,0
"6452","929003645201","ceilingtube","Perifo gradient tube",1,TRUE,0
"6453","929003645301","ceilingtube","Perifo gradient tube",1,TRUE,0
"6454","929003645401","ceilingtube","Perifo gradient tube",1,TRUE,0
"6572","929003657201","singlespot","Perifo cylinder spot",1,TRUE,0
"6573","929003657301","pendantspot","Perifo cylinder pendant",1,TRUE,0
"6574","929003657401","ceilingtube","Perifo gradient tube",1,TRUE,0
"6575","929003657501","ceilinghorizontal","Perifo linear light bar",1,TRUE,0
"6582","929003658201","ceilingtube","Perifo gradient tube",1,TRUE,0
"6583","929003658301","ceilingtube","Perifo gradient tube",1,TRUE,0
"6650","LCW004","upanddown","Hue wall light",1,TRUE,0
"6651","LCW005","upanddown","Hue wall light",1,TRUE,0
"6665","LCG006","spotbulb","Hue color spot",1,TRUE,0
"6666","LCG007","spotbulb","Hue color spot",1,TRUE,0
"6667","LTG005","spotbulb","Hue ambiance spot",1,TRUE,0
"6668","LTG006","spotbulb","Hue ambiance spot",1,TRUE,0
"6669","LWG005","spotbulb","Hue white spot",1,TRUE,0
"6670","LWG006","spotbulb","Hue white spot",1,TRUE,0
"6743","929003674301","tableshade","Hue color table",1,TRUE,0
"6744","LCX015","stringlight","Festavia string lights",1,TRUE,0
"6745","LCX016","stringlight","Festavia string lights",1,TRUE,0
"6746","LCX017","stringlight","Festavia string lights",1,TRUE,0
"6939","929003693901","huesigne","Signe gradient table",1,TRUE,0
"7112","LGT001","twilight","Twilight",1,TRUE,0
"7113","LGT002","twilight","Twilight",1,TRUE,0
"7114","LGT003","twilight","Twilight",1,TRUE,0
"7115","LGT004","twilight","Twilight",1,TRUE,0
"7116","LGT005","twilight","Twilight",1,TRUE,0
"7117","LGT006","twilight","Twilight",1,TRUE,0
"7121","LCD008","recessedceiling","Hue color downlight",1,TRUE,0
"7122","LCD009","recessedceiling","Hue color downlight",1,TRUE,0
"7123","LCD010","recessedceiling","Hue color downlight",1,TRUE,0
"7124","LCD011","recessedceiling","Hue color downlight",1,TRUE,0
"7260","LGT007","twilight","Twilight",1,TRUE,0
"7261","LGT008","twilight","Twilight",1,TRUE,0
"7361","929003736101","ceilinground","Hue Datura",2,TRUE,0
"7362","929003736201","ceilinground","Hue Datura",2,TRUE,0
"7363","929003736301","ceilingsquare","Hue Datura",2,TRUE,0
"7364","929003736401","ceilingsquare","Hue Datura",2,TRUE,0
"7365","929003736501","ceilinground","Hue Datura",2,TRUE,0
"7366","929003736601","ceilinground","Hue Datura",2,TRUE,0
"7367","929003736701","ceilingsquare","Hue Datura",2,TRUE,0
"7368","929003736801","ceilingsquare","Hue Datura",2,TRUE,0
"7453","COM001","chime","Secure chime",1,FALSE,0
"7595","COM001","chime","Secure chime",1,FALSE,0
"7772","929003777201","ceilinground","Hue Being ceiling",1,TRUE,0
"7773","929003777301","ceilinground","Hue Being ceiling",1,TRUE,0
"7850","929003785001","pendantlong","Hue Ensis",2,TRUE,0
"7851","929003785101","pendantlong","Hue Ensis",2,TRUE,0
"8021","929003802101","bollard","Hue Impress outdoor pedestal",1,TRUE,0
"8022","929003802201","walllantern","Hue Impress outdoor wall",1,TRUE,0
"8023","929003802301","walllantern","Hue Impress outdoor wall",1,TRUE,0
"8024","929003802401","bollard","Hue Outdoor Pedestal",1,TRUE,0
"8078","929003807801","recessedceiling","Hue Adore spot",1,TRUE,0
"8079","929003807901","recessedceiling","Hue Adore spot",3,TRUE,0
"8080","929003808001","doublespot","Hue Argenta color spot",2,TRUE,0
"8081","929003808101","doublespot","Hue Argenta color spot",3,TRUE,0
"8082","929003808201","doublespot","Hue Argenta color spot",4,TRUE,0
"8083","929003808301","singlespot","Hue Argenta color spot",1,TRUE,0
"8084","929003808401","huecentris","Hue Centris ceiling",3,TRUE,0
"8085","929003808501","huecentris","Hue Centris spot",3,TRUE,0
"8086","929003808601","huecentris","Hue Centris ceiling",4,TRUE,0
"8087","929003808701","huecentris","Hue Centris ceiling",4,TRUE,0
"8088","929003808801","huecentris","Hue Centris ceiling",5,TRUE,0
"8089","929003808901","huecentris","Hue Centris ceiling",5,TRUE,0
"8090","929003809001","huecentris","Hue Centris spot",4,TRUE,0
"8091","929003809101","huecentris","Hue Centris spot",4,TRUE,0
"8092","929003809201","recessedceiling","Hue Centura spot",1,TRUE,0
"8093","929003809301","recessedceiling","Hue Centura spot",3,TRUE,0
"8094","929003809401","recessedceiling","Hue Centura spot",1,TRUE,0
"8095","929003809501","recessedceiling","Hue Centura spot",3,TRUE,0
"8096","929003809601","recessedceiling","Hue Centura spot",1,TRUE,0
"8097","929003809701","recessedceiling","Hue Centura spot",3,TRUE,0
"8098","929003809801","recessedceiling","Hue Centura spot",1,TRUE,0
"8099","929003809901","recessedceiling","Hue Centura spot",1,TRUE,0
"8100","929003810001","doublespot","Hue Fugato color spot",2,TRUE,0
"8101","929003810101","doublespot","Hue Fugato color spot",3,TRUE,0
"8102","929003810201","doublespot","Hue Fugato color spot",4,TRUE,0
"8103","929003810301","doublespot","Hue Fugato color spot",2,TRUE,0
"8104","929003810401","doublespot","Hue Fugato color spot",3,TRUE,0
"8105","929003810501","doublespot","Hue Fugato color spot",4,TRUE,0
"8106","929003810601","singlespot","Hue Fugato color spot",1,TRUE,0
"8107","929003810701","singlespot","Hue Fugato color spot",1,TRUE,0
"8108","929003810801","recessedceiling","Hue Milliskin spot",1,TRUE,0
"8109","929003810901","recessedceiling","Hue Milliskin spot",3,TRUE,0
"8110","929003811001","recessedceiling","Hue Milliskin spot",1,TRUE,0
"8111","929003811101","recessedceiling","Hue Milliskin spot",3,TRUE,0
"8112","929003811201","singlespot","Hue Pillar spot",1,TRUE,0
"8113","929003811301","singlespot","Hue Pillar spot",1,TRUE,0
"8114","929003811401","doublespot","Hue Pillar spot",2,TRUE,0
"8115","929003811501","doublespot","Hue Pillar spot",2,TRUE,0
"8116","929003811601","singlespot","Hue Pillar spot",1,TRUE,0
"8117","929003811701","singlespot","Hue Pillar spot",1,TRUE,0
"8118","929003811801","doublespot","Hue Runner spot",2,TRUE,0
"8119","929003811901","doublespot","Hue Runner spot",3,TRUE,0
"8120","929003812001","doublespot","Hue Runner spot",2,TRUE,0
"8121","929003812101","doublespot","Hue Runner spot",3,TRUE,0
"8122","929003812201","singlespot","Hue Runner spot",1,TRUE,0
"8123","929003812301","singlespot","Hue Runner spot",1,TRUE,0
"8124","929003812401","singlespot","Hue Runner spot",1,TRUE,0
"8125","929003812501","singlespot","Hue Runner spot",1,TRUE,0
"8126","929003812601","recessedceiling","Hue Xamento spot",1,TRUE,0
"8127","929003812701","recessedceiling","Hue Xamento spot",3,TRUE,0
"8128","929003812801","recessedceiling","Hue Xamento spot",1,TRUE,0
"8129","929003812901","recessedceiling","Hue Xamento spot",3,TRUE,0
"8130","929003813001","huecentris","Hue Centris spot",3,TRUE,0
"8131","929003813101","huecentris","Hue Centris ceiling",5,TRUE,0
"8132","929003813201","huecentris","Hue Centris spot",3,TRUE,0
"8133","929003813301","huecentris","Hue Centris ceiling",5,TRUE,0
"9290038165","CMW001","camera","Secure wired camera",1,FALSE,0
"8169","LCL008","huelightstrip","Hue lightstrip",1,TRUE,0
"8170","LCL009","huelightstrip","Hue lightstrip",1,TRUE,0
"8171","LCL010","huelightstrip","Hue lightstrip",1,TRUE,0
"8210","LCO001","smallglobebulb","Hue lightguide bulb",1,TRUE,0
"8211","LCO005","largeglobebulb","Hue lightguide bulb",1,TRUE,0
"8212","LCY001","trianglebulb","Hue lightguide bulb",1,TRUE,0
"8213","LCV001","edisonbulb","Hue lightguide bulb",1,TRUE,0
"8214","LCO001","smallglobebulb","Hue lightguide bulb",1,TRUE,0
"8227","929003822701","ceilinground","Hue Tento white panel",1,TRUE,0
"8228","929003822801","ceilinground","Hue Tento white panel",1,TRUE,0
"8229","929003822901","ceilinground","Hue Tento ambiance panel",1,TRUE,0
"8230","929003823001","ceilinground","Hue Tento ambiance panel",1,TRUE,0
"8231","929003823101","ceilinground","Hue Tento ambiance panel",1,TRUE,0
"8232","929003823201","ceilinground","Hue Tento ambiance panel",1,TRUE,0
"8233","929003823301","ceilinground","Hue Tento ambiance panel",1,TRUE,2
"8234","929003823401","ceilinground","Hue Tento ambiance panel",1,TRUE,2
"8235","929003823501","ceilinground","Hue Tento color panel",1,TRUE,0
"8236","929003823601","ceilinground","Hue Tento color panel",1,TRUE,0
"8237","929003823701","ceilinground","Hue Tento color panel",1,TRUE,0
"8238","929003823801","ceilinground","Hue Tento color panel",1,TRUE,0
"8239","929003823901","ceilinground","Hue Tento color panel",1,TRUE,0
"8240","929003824001","ceilinground","Hue Tento color panel",1,TRUE,0
"9290038374","LGT013","twilight","Hue Twilight",1,TRUE,0
"9290038375","LGT014","twilight","Hue Twilight",1,TRUE,0
"8376","LGT009","flare","Hue Play wall washer",1,TRUE,0
"8377","LGT010","flare","Hue Play wall washer",1,TRUE,0
"8378","LGT011","flare","Hue Play wall washer",1,TRUE,0
"8379","LGT012","flare","Hue Play wall washer",1,TRUE,0
"8458","929003845801","ceilingsquare","Hue Tento white panel",1,TRUE,0
"8459","929003845901","ceilingsquare","Hue Tento white panel",1,TRUE,0
"8460","929003846001","ceilingsquare","Hue Tento ambiance panel",1,TRUE,0
"8461","929003846101","ceilingsquare","Hue Tento ambiance panel",1,TRUE,0
"8462","929003846201","ceilingsquare","Hue Tento color panel",1,TRUE,0
"8463","929003846301","ceilingsquare","Hue Tento color panel",1,TRUE,0
"8464","929003846401","ceilingsquare","Hue Tento ambiance panel",1,TRUE,0
"8465","929003846501","ceilingsquare","Hue Tento ambiance panel",1,TRUE,0
"8466","929003846601","ceilingsquare","Hue Tento color panel",1,TRUE,0
"8467","929003846701","ceilingsquare","Hue Tento color panel",1,TRUE,0
"9290038534","LCA010","sultanbulb","Hue color lamp",1,TRUE,0
"9290038535","LCA011","sultanbulb","Hue color lamp",1,TRUE,0
"9290038536","LCA012","sultanbulb","Hue color lamp",1,TRUE,0
"9290038537","LCA013","sultanbulb","Hue color lamp",1,TRUE,0
"9290038538","LCA014","sultanbulb","Hue color lamp",1,TRUE,0
"9290038539","LCA015","sultanbulb","Hue color lamp",1,TRUE,0
"9290038540","LCA010","sultanbulb","Hue color lamp",1,TRUE,0
"9290038541","LCA011","sultanbulb","Hue color lamp",1,TRUE,0
"9290038542","LCA012","sultanbulb","Hue color lamp",1,TRUE,0
"9290038543","LCA014","sultanbulb","Hue color lamp",1,TRUE,0
"9290038544","LCA015","sultanbulb","Hue color lamp",1,TRUE,0
"9290038545","LCA018","sultanbulb","Hue color lamp",1,TRUE,0
"9290038546","LCA019","sultanbulb","Hue color lamp",1,TRUE,0
"9290038547","LCA014","sultanbulb","Hue color lamp",1,TRUE,0
"9290038548","LTA014","sultanbulb","Hue ambiance lamp",1,TRUE,0
"9290038549","LTA015","sultanbulb","Hue ambiance lamp",1,TRUE,0
"9290038550","LTA016","sultanbulb","Hue ambiance lamp",1,TRUE,0
"9290038551","LTA017","sultanbulb","Hue ambiance lamp",1,TRUE,0
"9290038552","LTA018","sultanbulb","Hue ambiance lamp",1,TRUE,0
"9290038553","LTA019","sultanbulb","Hue ambiance lamp",1,TRUE,0
"9290038554","LTA014","sultanbulb","Hue ambiance lamp",1,TRUE,0
"9290038555","LTA015","sultanbulb","Hue ambiance lamp",1,TRUE,0
"9290038556","LTA016","sultanbulb","Hue ambiance lamp",1,TRUE,0
"9290038557","LTA018","sultanbulb","Hue ambiance lamp",1,TRUE,0
"9290038558","LTA019","sultanbulb","Hue ambiance lamp",1,TRUE,0
"9290038559","LTA020","sultanbulb","Hue ambiance lamp",1,TRUE,0
"9290038560","LWA032","sultanbulb","Hue white lamp",1,TRUE,0
"9290038561","LWA033","sultanbulb","Hue white lamp",1,TRUE,0
"9290038562","LWA034","sultanbulb","Hue white lamp",1,TRUE,0
"9290038563","LWA035","sultanbulb","Hue white lamp",1,TRUE,0
"9290038564","LWA036","sultanbulb","Hue white lamp",1,TRUE,0
"9290038565","LWA037","sultanbulb","Hue white lamp",1,TRUE,0
"9290038566","LWA032","sultanbulb","Hue white lamp",1,TRUE,0
"9290038567","LWA033","sultanbulb","Hue white lamp",1,TRUE,0
"9290038568","LWA034","sultanbulb","Hue white lamp",1,TRUE,0
"9290038569","LWA036","sultanbulb","Hue white lamp",1,TRUE,0
"8583","LCX026","stringglobe","Festavia globe string lights",1,TRUE,0
"8584","LCX025","stringglobe","Festavia globe string lights",1,TRUE,0
"8585","LCX024","stringglobe","Festavia globe string lights",1,TRUE,0
"8640","LCX018","huelightstrip","Hue gradient lightstrip",1,TRUE,0
"8641","LCX019","huelightstrip","Hue gradient lightstrip",1,TRUE,0
"8642","LCX020","huelightstrip","Hue gradient lightstrip",1,TRUE,0
"8643","LCL011","huelightstrip","Hue lightstrip outdoor",1,TRUE,0
"8644","LCL012","huelightstrip","Hue lightstrip outdoor",1,TRUE,0
"8645","LCL013","huelightstrip","Hue lightstrip outdoor",1,TRUE,0
"8646","LCX021","huelightstrip","Hue gradient strip outdoor",1,TRUE,0
"8647","LCX022","huelightstrip","Hue gradient strip outdoor",1,TRUE,0
"8648","LCX023","huelightstrip","Hue gradient strip outdoor",1,TRUE,0
"9290042354","LCA016","sultanbulb","Hue color lamp",1,TRUE,0
"9290042355","LCA017","sultanbulb","Hue color lamp",1,TRUE,0
"9290042356","LCB003","floodbulb","Hue color downlight",1,TRUE,0
"9290042357","LCG008","spotbulb","Hue color spot",1,TRUE,0
"9290042362","929004236201","flare","Hue Play wall washer",1,TRUE,0
"9290042363","929004236301","flare","Hue Play wall washer",1,TRUE,0
"9290042364","929004236401","flare","Hue Play wall washer",1,TRUE,0
"9290042365","929004236501","flare","Hue Play wall washer",1,TRUE,0
"2584","CMW004","camera","Hue Secure Wired Camera 2K",1,FALSE,0
"2585","CMB002","camera","Hue Secure Battery Camera 2K",1,FALSE,0
"2586","CMW004","camera","Hue Secure Wired Camera 2K",1,FALSE,0
"2587","CMB002","camera","Hue Secure Battery Camera 2K",1,FALSE,0
"9290042696","LCA016","sultanbulb","Hue color lamp",1,TRUE,0
"9290042766","929004276601","huelightstrip","Hue Flux ultra bright SL",1,TRUE,0
"9290042767","929004276701","huelightstrip","Hue Flux ultra bright SL",1,TRUE,0
"9290042768","929004276801","huelightstrip","Hue Flux ultra bright SL",1,TRUE,0
"9290042769","929004276901","hueneon","Hue Neon outdoor strip light",1,TRUE,0
"9290042770","929004277001","hueneon","Hue Neon outdoor strip light",1,TRUE,0
"9290042771","929004277101","hueneon","Hue Neon outdoor strip light",1,TRUE,0
"9290042847","LCX030","stringpermanent","Festavia permanent",1,TRUE,0
"9290042848","LCX048","stringpermanent","Festavia permanent",1,TRUE,0
"9290042910","LCD013","recessedceiling","Hue color downlight",1,TRUE,0
"9290042911","LCD014","recessedceiling","Hue color downlight",1,TRUE,0
"9290042912","LCD015","recessedceiling","Hue color downlight",1,TRUE,0
"9290042913","LCD016","recessedceiling","Hue color downlight",1,TRUE,0
"9290042914","LCD017","recessedceiling","Hue color downlight",1,TRUE,0
"9290042915","LCD018","recessedceiling","Hue color downlight",1,TRUE,0
"2916","LCD012","recessedceiling","Hue color downlight",1,TRUE,0
"9290042949","929004294900","huelightstrip","Hue Essential strip light",1,TRUE,0
"9290042950","929004295000","huelightstrip","Hue Essential strip light",1,TRUE,0
"9290042951","929004295100","hueneon","Hue Essential flex SL",1,TRUE,0
"9290042952","929004295200","hueneon","Hue Essential flex SL",1,TRUE,0
"9290042953","LCE006","candlebulb","Hue color candle",1,TRUE,0
"9290042954","LCE007","candlebulb","Hue color candle",1,TRUE,0
"9290042955","LCE008","candlebulb","Hue color candle",1,TRUE,0
"9290042956","LTE009","candlebulb","Hue ambiance candle",1,TRUE,0
"9290042957","LTE010","candlebulb","Hue ambiance candle",1,TRUE,0
"9290042958","LTE011","candlebulb","Hue ambiance candle",1,TRUE,0
"9290042959","LWE009","candlebulb","Hue white candle",1,TRUE,0
"9290042961","LWE010","candlebulb","Hue white candle",1,TRUE,0
"9290042967","LOM013","switchmodule","dummy 1o",1,TRUE,0
"9290042968","LOM014","switchmodule","dummy 2o",1,TRUE,0
"9290042969","LWM007","switchmodule","dummy 1d",1,TRUE,0
"9290042970","ROM002","switchmodule","dummy 0c",1,TRUE,0
"9290042974","929004297401","ceilinground","Hue Tento color panel",1,TRUE,0
"9290042975","929004297501","ceilinground","Hue Tento color panel",1,TRUE,0
"9290043081","929004308101","bollard","Hue outdoor pedestal",1,TRUE,0
"9290043082","929004308201","bollard","Hue outdoor post",1,TRUE,0
"9290043083","929004308301","walllantern","Hue outdoor wall",1,TRUE,0
"9290043084","929004308401","walllantern","Hue outdoor wall",1,TRUE,0
"9290043085","929004308501","bollard","Hue outdoor pedestal",1,TRUE,0
"9290043086","929004308601","bollard","Hue outdoor post",1,TRUE,0
"9290043087","929004308701","walllantern","Hue outdoor wall",1,TRUE,0
"9290043088","929004308801","tableshade","Hue Flourish table",1,TRUE,0
"9290043198","929004319801","ceilinground","Hue Tento color panel",1,TRUE,0
"9290043200","929004320001","ceilinground","Hue Tento color panel",1,TRUE,0
"9290043202","929004320201","ceilinground","Hue Tento color panel",1,TRUE,0
"9290043207","929004320701","huesigne","Hue Play table lamp",1,TRUE,0
"9290043208","929004320801","huesigne","Hue Play floor lamp large",1,TRUE,0
"9290043209","929004320901","huesigne","Hue Play table lamp",1,TRUE,0
"9290043210","929004321001","huesigne","Hue Play floor lamp compact",1,TRUE,0
"9290043211","929004321101","huesigne","Hue Play floor lamp large",1,TRUE,0
"9290043212","929004321201","huesigne","Hue Play table lamp",1,TRUE,0
"9290043213","929004321301","huesigne","Hue Play floor lamp compact",1,TRUE,0
"9290043214","929004321401","huesigne","Hue Play floor lamp large",1,TRUE,0
"9290043215","929004321501","huesigne","Hue Play table lamp",1,TRUE,0
"9290043216","929004321601","huesigne","Hue Play floor lamp large",1,TRUE,0
"9290043217","929004321701","huesigne","Hue Play table lamp",1,TRUE,0
"9290043218","929004321801","huesigne","Hue Play floor lamp large",1,TRUE,0
"9290043219","929004321901","huesigne","Hue signe pendulum",1,TRUE,0
"9290043221","929004322101","huesigne","Hue signe pendant",1,TRUE,0
"9290043223","929004322301","huesigne","Hue signe pole",1,TRUE,0
"9290043225","929004322501","huesigne","Hue signe pendulum",1,TRUE,0
"9290043227","929004322701","huesigne","Hue signe pendant",1,TRUE,0
"9290043229","929004322901","huesigne","Hue signe pole",1,TRUE,0
"9290043233","929004323301","huegoxxl","Hue Go XXL",1,TRUE,0
"9290043458","LCD019","recessedceiling","Hue color downlight",1,TRUE,0
"9290043459","LCD020","recessedceiling","Hue color downlight",1,TRUE,0
"9290043461","929012312345","ceilinground","Linear light",1,TRUE,0
"9290043462","929012312348","recessedceiling","Spot light",1,TRUE,0
"9290043465","929012312346","ceilinground","Linear light",1,TRUE,0
"9290043466","929012312349","recessedceiling","Spot light",1,TRUE,0
"9290044357","929004435702","hueomniglow","Hue OmniGlow striplight",1,TRUE,0
"9290044358","929004435803","hueomniglow","Hue OmniGlow striplight",1,TRUE,0
"9290044411","929004441101","singlespot","Perifo cylinder spotlight",1,TRUE,0
"9290044412","929004441201","pendantspot","Perifo cylinder pendant",1,TRUE,0
"9290044426","929004442601","singlespot","Perifo cylinder spotlight",1,TRUE,0
"9290044427","929004442701","singlespot","Perifo cylinder spotlight",1,TRUE,0
"9290044428","929004442801","singlespot","Perifo cylinder spotlight",1,TRUE,0
"9290044429","929004442901","singlespot","Perifo cylinder spotlight",1,TRUE,0
"9290044431","929004443101","pendantspot","Perifo cylinder pendant",1,TRUE,0
"9290044432","929004443201","pendantspot","Perifo cylinder pendant",1,TRUE,0
"9290044433","929004443301","pendantspot","Perifo cylinder pendant",1,TRUE,0
"9290044434","929004443401","pendantspot","Perifo cylinder pendant",1,TRUE,0
"9290044508","929004450801","hueomniglow","Hue OmniGlow striplight",1,TRUE,0
"9290044509","929004450901","hueomniglow","Hue OmniGlow striplight",1,TRUE,0
"5818","LCX029","stringglobe","Festavia globe string lights",1,TRUE,0
"5819","LCX028","stringglobe","Festavia globe string lights",1,TRUE,0
"5820","LCX027","stringglobe","Festavia globe string lights",1,TRUE,0
"5822","RDM005","button","Hue smart button",1,FALSE,0
"5823","RDM005","button","Hue smart button",1,FALSE,0
"5824","RDM005","button","Hue smart button",1,FALSE,0
"9290046080","929004608001","hueomniglow","Hue OmniGlow striplight",1,TRUE,0
"9290046081","929004608101","hueomniglow","Hue OmniGlow striplight",1,TRUE,0
"9290046082","929004608201","hueomniglow","Hue OmniGlow striplight",1,TRUE,0
"9290046104","929004610401","huelightstrip","Hue Flux strip light",1,TRUE,0
"9290046105","929004610502","huelightstrip","Hue Flux strip light",1,TRUE,0
"9290046106","929004610601","huelightstrip","Hue Flux strip light",1,TRUE,0
"9290046107","929004610702","huelightstrip","Hue Flux strip light",1,TRUE,0
"9290046108","929004610802","huelightstrip","Hue Flux strip light",1,TRUE,0
"9290046109","929004610901","huelightstrip","Hue Flux outdoor strip light",1,TRUE,0
"9290046110","929004611001","huelightstrip","Hue Flux outdoor strip light",1,TRUE,0
"9290046111","929004611101","huelightstrip","Hue Flux outdoor strip light",1,TRUE,0
"9790038534","LCA010","sultanbulb","Hue color lamp",1,TRUE,0
"9790038535","LCA011","sultanbulb","Hue color lamp",1,TRUE,0
"9790038537","LCA013","sultanbulb","Hue color lamp",1,TRUE,0
"9790038538","LCA014","sultanbulb","Hue color lamp",1,TRUE,0
"9790038540","LCA010","sultanbulb","Hue color lamp",1,TRUE,0
"9790038541","LCA011","sultanbulb","Hue color lamp",1,TRUE,0
"9790038548","LTA014","sultanbulb","Hue ambience lamp",1,TRUE,0
"9790038549","LTA015","sultanbulb","Hue ambience lamp",1,TRUE,0
"9790038551","LTA017","sultanbulb","Hue ambience lamp",1,TRUE,0
"9790038552","LTA018","sultanbulb","Hue ambience lamp",1,TRUE,0
"9790038554","LTA014","sultanbulb","Hue ambience lamp",1,TRUE,0
"9790038555","LTA015","sultanbulb","Hue ambience lamp",1,TRUE,0
"9790038560","LWA032","sultanbulb","Hue white lamp",1,TRUE,0
"9790038561","LWA033","sultanbulb","Hue white lamp",1,TRUE,0
"9790038563","LWA035","sultanbulb","Hue white lamp",1,TRUE,0
"9790038564","LWA036","sultanbulb","Hue white lamp",1,TRUE,0
"9790038566","LWA032","sultanbulb","Hue white lamp",1,TRUE,0
"9790038567","LWA033","sultanbulb","Hue white lamp",1,TRUE,0
"4695","440400982843","hueplay","Hue Play",1,TRUE,0
